user_id,course_id,rating
1,1,4.6
2,2,4.6
3,3,4.6
4,4,4.7
5,5,4.6
6,6,4.6
7,7,4.6
8,8,4.5
9,9,4.6
10,10,4.4
11,11,4.5
12,12,4.7
13,13,4.4
14,14,4.6
15,15,4.8
16,16,4.5
17,17,4.6
18,18,4.5
19,19,4.6
20,20,4.6
21,21,4.6
22,22,4.7
23,23,4.6
24,24,4.6
25,25,4.7
26,26,4.7
27,27,4.6
28,28,4.7
29,29,4.5
30,30,4.7
31,31,4.3
32,32,4.6
33,33,4.6
34,34,4.7
35,35,4.6
36,36,4.3
37,37,4.4
38,38,4.5
39,39,4.5
40,40,4.7
41,41,4.6
42,42,4.6
43,43,4.6
44,44,4.8
45,45,4.6
46,46,4.7
47,47,4.5
48,48,4.4
49,49,4.6
50,50,4.5
51,51,4.5
52,52,4.5
53,53,4.6
54,54,4.4
55,55,4.3
56,56,4.6
57,57,4.5
58,58,4.6
59,59,4.4
60,60,4.6
61,61,4.6
62,62,4.4
63,63,4.8
64,64,4.4
65,65,4.4
66,66,4.7
67,67,4.8
68,68,4.1
69,69,4.6
70,70,4.1
71,71,4.6
72,72,4.8
73,73,4.6
74,74,4.4
75,75,4.5
76,76,3.7
77,77,4.7
78,78,4.3
79,79,4.6
80,80,4.5
81,81,4.6
82,82,4.6
83,83,4.7
84,84,4.4
85,85,4.5
86,86,4.0
87,87,4.5
88,88,4.7
89,89,4.8
90,90,4.2
91,91,4.1
92,92,3.9
93,93,3.8
94,94,4.4
95,95,4.6
96,96,4.7
97,97,4.5
98,98,4.2
99,99,4.5
100,100,4.7
101,101,4.5
102,102,4.4
103,103,4.7
104,104,4.8
105,105,3.4
106,106,4.5
107,107,4.7
108,108,4.4
109,109,4.3
110,110,4.6
111,111,4.5
112,112,4.0
113,113,4.4
114,114,4.5
115,115,4.5
116,116,3.9
117,117,4.5
118,118,4.5
119,119,4.6
120,120,4.0
121,121,4.4
122,122,4.7
123,123,4.5
124,124,3.7
125,125,4.7
126,126,4.5
127,127,4.4
128,128,4.8
129,129,4.4
130,130,4.0
131,131,4.3
132,132,4.3
133,133,4.9
134,134,4.3
135,135,4.1
136,136,4.7
137,137,4.7
138,138,3.4
139,139,4.5
140,140,3.8
141,141,4.7
142,142,4.5
143,143,3.8
144,144,4.7
145,145,4.6
146,146,4.2
147,147,4.3
148,148,4.8
149,149,4.5
150,150,4.3
151,151,4.6
152,152,4.2
153,153,4.5
154,154,4.1
155,155,4.5
156,156,4.5
157,157,4.3
158,158,4.2
159,159,4.2
160,160,4.7
161,161,4.7
162,162,4.3
163,163,4.8
164,164,4.7
165,165,4.6
166,166,4.6
167,167,4.6
168,168,4.6
169,169,4.4
170,170,4.4
171,171,4.4
172,172,4.3
173,173,3.9
174,174,4.5
175,175,4.6
176,176,4.5
177,177,4.7
178,178,4.4
179,179,4.3
180,180,4.6
181,181,4.3
182,182,4.6
183,183,4.7
184,184,4.6
185,185,4.4
186,186,4.5
187,187,4.0
188,188,4.5
189,189,4.5
190,190,4.6
191,191,4.6
192,192,4.3
193,193,4.3
194,194,4.1
195,195,4.7
196,196,4.5
197,197,3.9
198,198,4.4
199,199,4.3
200,200,4.5
201,201,4.3
202,202,4.4
203,203,4.6
204,204,4.5
205,205,4.5
206,206,4.1
207,207,4.3
208,208,4.4
209,209,4.4
210,210,4.2
211,211,4.5
212,212,4.3
213,213,4.3
214,214,4.3
215,215,3.8
216,216,4.8
217,217,4.0
218,218,4.4
219,219,4.5
220,220,4.1
221,221,4.6
222,222,4.2
223,223,4.5
224,224,3.9
225,225,4.2
226,226,4.5
227,227,4.6
228,228,4.0
229,229,3.9
230,230,4.5
231,231,4.3
232,232,4.8
233,233,4.1
234,234,4.5
235,235,4.2
236,236,4.5
237,237,4.5
238,238,4.5
239,239,4.6
240,240,4.5
241,241,4.4
242,242,4.6
243,243,3.9
244,244,4.5
245,245,4.1
246,246,4.1
247,247,4.3
248,248,4.6
249,249,1.9
250,250,4.2
251,251,4.3
252,252,4.3
253,253,4.5
254,254,3.7
255,255,4.8
256,256,4.1
257,257,4.4
258,258,4.3
259,259,4.2
260,260,4.2
261,261,3.9
262,262,4.4
263,263,4.3
264,264,4.3
265,265,4.1
266,266,3.8
267,267,4.5
268,268,2.2
269,269,3.4
270,270,4.6
271,271,4.6
272,272,4.1
273,273,4.4
274,274,4.8
275,275,4.6
276,276,4.1
277,277,4.4
278,278,3.7
279,279,4.5
280,280,4.4
281,281,4.0
282,282,4.4
283,283,4.4
284,284,4.2
285,285,4.4
286,286,4.5
287,287,4.6
288,288,4.6
289,289,3.3
290,290,4.0
291,291,4.3
292,292,4.6
293,293,4.1
294,294,4.6
295,295,4.3
296,296,4.5
297,297,4.6
298,298,4.3
299,299,3.5
300,300,4.5
301,301,4.1
302,302,2.8
303,303,4.5
304,304,4.4
305,305,2.7
306,306,4.6
307,307,4.6
308,308,4.3
309,309,4.5
310,310,3.6
311,311,4.1
312,312,4.4
313,313,4.0
314,314,4.7
315,315,4.3
316,316,4.6
317,317,3.9
318,318,3.9
319,319,3.7
320,320,4.6
321,321,4.9
322,322,3.8
323,323,4.5
324,324,4.6
325,325,4.3
326,326,4.3
327,327,4.0
328,328,3.6
329,329,4.5
330,330,4.3
331,331,4.6
332,332,4.5
333,333,4.7
334,334,4.0
335,335,4.3
336,336,3.7
337,337,4.5
338,338,4.0
339,339,4.6
340,340,4.3
341,341,4.2
342,342,4.3
343,343,4.5
344,344,4.6
345,345,3.8
346,346,3.3
347,347,2.6
348,348,4.6
349,349,4.5
350,350,4.4
351,351,4.8
352,352,4.6
353,353,4.6
354,354,3.9
355,355,4.5
356,356,4.3
357,357,4.8
358,358,4.6
359,359,4.3
360,360,4.2
361,361,4.6
362,362,4.5
363,363,4.2
364,364,4.7
365,365,2.7
366,366,4.0
367,367,3.3
368,368,3.8
369,369,4.7
370,370,3.6
371,371,4.0
372,372,4.7
373,373,4.6
374,374,2.5
375,375,4.8
376,376,4.2
377,377,4.7
378,378,4.6
379,379,4.0
380,380,4.6
381,381,3.8
382,382,4.5
383,383,4.8
384,384,4.0
385,385,4.4
386,386,4.0
387,387,3.2
388,388,4.6
389,389,3.1
390,390,4.5
391,391,4.6
392,392,3.9
393,393,4.6
394,394,2.8
395,395,4.4
396,396,3.9
397,397,4.4
398,398,4.7
399,399,4.3
400,400,5.0
401,401,3.8
402,402,4.2
403,403,3.9
404,404,4.2
405,405,4.2
406,406,3.6
407,407,4.4
408,408,4.6
409,409,4.1
410,410,4.5
411,411,4.4
412,412,4.7
413,413,2.4
414,414,4.8
415,415,4.1
416,416,4.2
417,417,4.4
418,418,4.7
419,419,3.5
420,420,4.9
421,421,4.4
422,422,4.5
423,423,3.6
424,424,4.7
425,425,3.6
426,426,4.6
427,427,3.9
428,428,4.6
429,429,4.0
430,430,4.2
431,431,4.0
432,432,4.2
433,433,4.1
434,434,4.4
435,435,4.6
436,436,4.4
437,437,4.4
438,438,3.8
439,439,3.8
440,440,4.1
441,441,3.6
442,442,4.2
443,443,4.4
444,444,4.6
445,445,4.8
446,446,4.3
447,447,4.6
448,448,4.4
449,449,3.8
450,450,2.5
451,451,4.2
452,452,3.8
453,453,3.9
454,454,3.5
455,455,4.1
456,456,4.1
457,457,3.9
458,458,3.1
459,459,4.1
460,460,4.6
461,461,3.2
462,462,4.1
463,463,4.1
464,464,4.6
465,465,4.9
466,466,4.3
467,467,4.2
468,468,4.8
469,469,2.0
470,470,4.6
471,471,3.8
472,472,3.5
473,473,4.1
474,474,4.4
475,475,4.6
476,476,3.2
477,477,4.1
478,478,4.7
479,479,3.7
480,480,4.2
481,481,4.5
482,482,4.6
483,483,4.3
484,484,4.6
485,485,4.2
486,486,3.9
487,487,3.1
488,488,4.2
489,489,4.3
490,490,2.7
491,491,4.1
492,492,3.7
493,493,4.3
494,494,4.6
495,495,3.5
496,496,4.4
497,497,4.1
498,498,4.4
499,499,3.3
500,500,4.4
501,501,4.2
502,502,4.7
503,503,4.7
504,504,4.3
505,505,3.4
506,506,4.2
507,507,3.4
508,508,3.9
509,509,4.5
510,510,4.2
511,511,4.6
512,512,4.4
513,513,3.9
514,514,4.0
515,515,2.8
516,516,4.7
517,517,4.6
518,518,4.1
519,519,4.0
520,520,4.2
521,521,3.6
522,522,4.7
523,523,4.1
524,524,3.9
525,525,4.2
526,526,3.6
527,527,3.5
528,528,4.2
529,529,4.6
530,530,3.2
531,531,1.1
532,532,4.1
533,533,4.2
534,534,3.5
535,535,4.3
536,536,4.1
537,537,4.2
538,538,4.2
539,539,4.5
540,540,4.7
541,541,4.8
542,542,4.3
543,543,3.9
544,544,3.1
545,545,4.0
546,546,4.5
547,547,4.5
548,548,4.2
549,549,4.0
550,550,4.0
551,551,4.6
552,552,3.9
553,553,4.2
554,554,4.6
555,555,4.6
556,556,4.5
557,557,4.2
558,558,4.6
559,559,4.6
560,560,4.5
561,561,4.5
562,562,3.7
563,563,3.4
564,564,4.2
565,565,4.1
566,566,4.5
567,567,3.9
568,568,3.4
569,569,4.4
570,570,4.0
571,571,4.4
572,572,4.5
573,573,3.3
574,574,4.7
575,575,3.9
576,576,3.4
577,577,3.8
578,578,4.0
579,579,4.2
580,580,4.4
581,581,4.6
582,582,3.7
583,583,4.4
584,584,3.8
585,585,3.6
586,586,4.3
587,587,4.2
588,588,4.3
589,589,3.6
590,590,3.0
591,591,3.8
592,592,3.0
593,593,4.2
594,594,4.5
595,595,4.6
596,596,3.9
597,597,4.1
598,598,3.8
599,599,4.2
600,600,3.5
601,601,4.4
602,602,3.8
603,603,4.5
604,604,4.4
605,605,4.4
606,606,4.7
607,607,4.0
608,608,3.6
609,609,4.3
610,610,4.0
611,611,4.4
612,612,3.3
613,613,4.0
614,614,4.8
615,615,4.1
616,616,4.8
617,617,4.5
618,618,4.0
619,619,4.4
620,620,4.5
621,621,4.1
622,622,3.9
623,623,4.1
624,624,4.5
625,625,4.4
626,626,4.3
627,627,5.0
628,628,4.5
629,629,3.9
630,630,4.3
631,631,3.4
632,632,4.6
633,633,3.6
634,634,4.1
635,635,4.6
636,636,4.6
637,637,4.8
638,638,3.9
639,639,4.0
640,640,3.6
641,641,3.9
642,642,3.9
643,643,4.1
644,644,4.4
645,645,4.6
646,646,4.5
647,647,5.0
648,648,4.4
649,649,4.5
650,650,4.4
651,651,4.5
652,652,3.5
653,653,4.3
654,654,3.6
655,655,4.4
656,656,3.9
657,657,4.4
658,658,4.5
659,659,4.5
660,660,4.6
661,661,4.6
662,662,4.7
663,663,4.4
664,664,4.3
665,665,4.4
666,666,3.6
667,667,3.7
668,668,4.6
669,669,3.9
670,670,3.7
671,671,3.7
672,672,4.5
673,673,3.8
674,674,4.4
675,675,4.5
676,676,3.6
677,677,3.8
678,678,4.8
679,679,4.7
680,680,4.6
681,681,4.5
682,682,4.6
683,683,4.3
684,684,4.5
685,685,3.5
686,686,4.3
687,687,4.1
688,688,3.9
689,689,4.4
690,690,4.3
691,691,4.8
692,692,3.7
693,693,4.6
694,694,4.0
695,695,3.5
696,696,3.6
697,697,4.9
698,698,4.0
699,699,3.9
700,700,4.4
701,701,4.4
702,702,3.7
703,703,4.5
704,704,4.5
705,705,3.8
706,706,3.5
707,707,2.4
708,708,4.7
709,709,4.9
710,710,4.9
711,711,4.2
712,712,3.9
713,713,4.0
714,714,4.0
715,715,3.7
716,716,4.6
717,717,3.4
718,718,3.2
719,719,3.3
720,720,4.7
721,721,4.5
722,722,4.6
723,723,4.3
724,724,4.4
725,725,3.4
726,726,3.9
727,727,4.4
728,728,4.1
729,729,4.7
730,730,4.0
731,731,4.7
732,732,3.3
733,733,4.4
734,734,4.0
735,735,4.6
736,736,4.5
737,737,4.0
738,738,3.9
739,739,4.4
740,740,4.5
741,741,3.9
742,742,4.0
743,743,4.6
744,744,4.3
745,745,4.6
746,746,4.4
747,747,4.3
748,748,3.4
749,749,4.7
750,750,3.8
751,751,3.9
752,752,4.1
753,753,4.1
754,754,3.5
755,755,4.5
756,756,3.8
757,757,4.9
758,758,4.3
759,759,4.4
760,760,3.0
761,761,3.3
762,762,3.9
763,763,4.5
764,764,3.2
765,765,2.9
766,766,3.7
767,767,4.1
768,768,4.5
769,769,3.5
770,770,4.2
771,771,4.1
772,772,4.2
773,773,4.7
774,774,4.4
775,775,4.8
776,776,4.0
777,777,3.8
778,778,4.0
779,779,4.1
780,780,4.2
781,781,3.0
782,782,3.7
783,783,4.1
784,784,4.3
785,785,3.7
786,786,4.0
787,787,4.2
788,788,4.2
789,789,4.6
790,790,4.6
791,791,3.7
792,792,3.8
793,793,3.7
794,794,4.2
795,795,4.8
796,796,4.4
797,797,3.8
798,798,3.5
799,799,4.2
800,800,3.7
801,801,4.7
802,802,3.2
803,803,3.9
804,804,4.3
805,805,4.3
806,806,4.6
807,807,4.6
808,808,4.4
809,809,4.2
810,810,4.1
811,811,4.2
812,812,3.8
813,813,3.9
814,814,4.0
815,815,4.1
816,816,4.2
817,817,4.6
818,818,3.9
819,819,3.8
820,820,3.2
821,821,3.7
822,822,4.5
823,823,4.3
824,824,3.8
825,825,3.2
826,826,4.3
827,827,4.1
828,828,4.5
829,829,3.3
830,830,4.6
831,831,3.9
832,832,4.6
833,833,4.9
834,834,4.4
835,835,4.8
836,836,4.0
837,837,4.0
838,838,3.5
839,839,4.3
840,840,4.3
841,841,3.5
842,842,3.8
843,843,4.7
844,844,3.8
845,845,4.5
846,846,4.6
847,847,3.7
848,848,3.9
849,849,4.9
850,850,3.8
851,851,4.0
852,852,3.8
853,853,3.5
854,854,4.5
855,855,5.0
856,856,4.2
857,857,4.0
858,858,4.5
859,859,4.4
860,860,4.4
861,861,4.1
862,862,3.9
863,863,3.8
864,864,2.8
865,865,4.4
866,866,3.5
867,867,4.1
868,868,3.0
869,869,4.1
870,870,3.2
871,871,4.5
872,872,4.0
873,873,4.7
874,874,4.2
875,875,3.7
876,876,4.3
877,877,4.3
878,878,3.1
879,879,3.7
880,880,2.8
881,881,4.4
882,882,4.1
883,883,3.8
884,884,4.0
885,885,4.6
886,886,3.9
887,887,4.3
888,888,4.4
889,889,4.3
890,890,4.4
891,891,4.0
892,892,4.7
893,893,3.8
894,894,3.5
895,895,4.7
896,896,4.5
897,897,4.8
898,898,4.5
899,899,3.6
900,900,4.3
901,901,4.6
902,902,4.3
903,903,4.1
904,904,4.6
905,905,3.6
906,906,3.0
907,907,4.6
908,908,3.1
909,909,4.0
910,910,4.1
911,911,3.3
912,912,3.6
913,913,3.8
914,914,3.6
915,915,4.3
916,916,4.1
917,917,3.3
918,918,4.3
919,919,3.8
920,920,4.9
921,921,3.8
922,922,4.4
923,923,4.5
924,924,4.5
925,925,3.2
926,926,4.1
927,927,4.0
928,928,4.8
929,929,3.7
930,930,4.8
931,931,3.7
932,932,4.4
933,933,3.6
934,934,4.1
935,935,3.9
936,936,4.3
937,937,4.1
938,938,3.7
939,939,4.4
940,940,3.5
941,941,4.3
942,942,3.9
943,943,3.8
944,944,4.0
945,945,4.5
946,946,4.1
947,947,4.0
948,948,3.7
949,949,4.7
950,950,4.4
951,951,4.2
952,952,3.3
953,953,4.4
954,954,4.7
955,955,4.8
956,956,4.2
957,957,4.8
958,958,4.1
959,959,3.7
960,960,3.9
961,961,3.9
962,962,3.5
963,963,4.7
964,964,2.4
965,965,3.8
966,966,4.7
967,967,3.8
968,968,3.9
969,969,3.9
970,970,3.7
971,971,3.4
972,972,2.7
973,973,3.3
974,974,4.3
975,975,3.8
976,976,4.9
977,977,3.6
978,978,4.3
979,979,3.7
980,980,4.8
981,981,4.1
982,982,3.9
983,983,3.8
984,984,3.9
985,985,4.7
986,986,4.5
987,987,4.2
988,988,4.4
989,989,3.6
990,990,3.7
991,991,4.0
992,992,3.8
993,993,3.5
994,994,3.6
995,995,4.1
996,996,3.5
997,997,4.6
998,998,5.0
999,999,3.5
1000,1000,4.2
1001,1001,4.3
1002,1002,2.5
1003,1003,2.2
1004,1004,3.8
1005,1005,4.4
1006,1006,3.2
1007,1007,3.5
1008,1008,4.2
1009,1009,4.2
1010,1010,4.0
1011,1011,4.0
1012,1012,4.5
1013,1013,3.3
1014,1014,4.5
1015,1015,4.6
1016,1016,4.1
1017,1017,3.2
1018,1018,3.9
1019,1019,4.4
1020,1020,4.4
1021,1021,4.6
1022,1022,3.7
1023,1023,4.1
1024,1024,4.2
1025,1025,2.8
1026,1026,4.2
1027,1027,4.7
1028,1028,4.6
1029,1029,4.3
1030,1030,3.7
1031,1031,3.5
1032,1032,3.8
1033,1033,4.2
1034,1034,4.3
1035,1035,3.6
1036,1036,3.8
1037,1037,4.5
1038,1038,4.2
1039,1039,3.9
1040,1040,3.7
1041,1041,5.0
1042,1042,3.8
1043,1043,4.5
1044,1044,3.6
1045,1045,4.2
1046,1046,3.5
1047,1047,3.0
1048,1048,4.0
1049,1049,3.9
1050,1050,3.8
1051,1051,4.1
1052,1052,4.5
1053,1053,4.8
1054,1054,3.8
1055,1055,3.7
1056,1056,4.0
1057,1057,4.3
1058,1058,3.9
1059,1059,2.8
1060,1060,4.5
1061,1061,4.2
1062,1062,4.6
1063,1063,3.8
1064,1064,4.9
1065,1065,4.8
1066,1066,4.3
1067,1067,4.3
1068,1068,4.0
1069,1069,4.5
1070,1070,3.0
1071,1071,4.2
1072,1072,5.0
1073,1073,3.9
1074,1074,2.8
1075,1075,4.4
1076,1076,4.5
1077,1077,4.1
1078,1078,3.3
1079,1079,3.9
1080,1080,4.3
1081,1081,3.5
1082,1082,4.4
1083,1083,4.3
1084,1084,4.2
1085,1085,4.0
1086,1086,3.8
1087,1087,3.8
1088,1088,3.6
1089,1089,3.8
1090,1090,3.6
1091,1091,4.1
1092,1092,4.4
1093,1093,3.8
1094,1094,2.8
1095,1095,4.3
1096,1096,2.9
1097,1097,4.1
1098,1098,4.1
1099,1099,4.8
1100,1100,3.4
1101,1101,4.9
1102,1102,4.1
1103,1103,4.5
1104,1104,3.1
1105,1105,3.9
1106,1106,3.6
1107,1107,3.9
1108,1108,3.9
1109,1109,4.6
1110,1110,4.6
1111,1111,4.8
1112,1112,4.8
1113,1113,3.9
1114,1114,4.3
1115,1115,3.9
1116,1116,3.7
1117,1117,4.2
1118,1118,3.1
1119,1119,4.8
1120,1120,3.9
1121,1121,3.9
1122,1122,4.3
1123,1123,2.7
1124,1124,4.4
1125,1125,3.7
1126,1126,3.4
1127,1127,3.9
1128,1128,4.2
1129,1129,4.6
1130,1130,4.8
1131,1131,4.6
1132,1132,3.8
1133,1133,4.3
1134,1134,4.4
1135,1135,4.8
1136,1136,4.1
1137,1137,3.1
1138,1138,4.2
1139,1139,3.9
1140,1140,4.8
1141,1141,4.1
1142,1142,4.0
1143,1143,3.0
1144,1144,4.9
1145,1145,4.1
1146,1146,4.0
1147,1147,4.2
1148,1148,3.9
1149,1149,4.8
1150,1150,4.7
1151,1151,4.4
1152,1152,4.1
1153,1153,3.0
1154,1154,4.6
1155,1155,4.6
1156,1156,4.2
1157,1157,5.0
1158,1158,4.0
1159,1159,4.7
1160,1160,4.2
1161,1161,4.3
1162,1162,3.8
1163,1163,4.6
1164,1164,5.0
1165,1165,3.7
1166,1166,4.0
1167,1167,3.5
1168,1168,4.7
1169,1169,4.3
1170,1170,3.8
1171,1171,4.6
1172,1172,4.4
1173,1173,4.4
1174,1174,4.3
1175,1175,3.9
1176,1176,2.9
1177,1177,4.4
1178,1178,4.6
1179,1179,4.5
1180,1180,3.5
1181,1181,4.4
1182,1182,3.3
1183,1183,3.5
1184,1184,3.7
1185,1185,4.3
1186,1186,4.0
1187,1187,4.4
1188,1188,3.8
1189,1189,3.6
1190,1190,3.6
1191,1191,4.7
1192,1192,4.4
1193,1193,4.4
1194,1194,4.4
1195,1195,2.9
1196,1196,4.7
1197,1197,3.4
1198,1198,3.8
1199,1199,4.7
1200,1200,4.0
1201,1201,3.6
1202,1202,3.8
1203,1203,3.6
1204,1204,3.4
1205,1205,3.9
1206,1206,3.8
1207,1207,3.4
1208,1208,4.6
1209,1209,4.1
1210,1210,4.4
1211,1211,3.3
1212,1212,4.1
1213,1213,3.5
1214,1214,4.8
1215,1215,3.2
1216,1216,4.1
1217,1217,4.4
1218,1218,4.8
1219,1219,3.7
1220,1220,5.0
1221,1221,4.6
1222,1222,4.2
1223,1223,3.0
1224,1224,4.2
1225,1225,4.3
1226,1226,5.0
1227,1227,4.8
1228,1228,3.6
1229,1229,4.5
1230,1230,3.5
1231,1231,3.5
1232,1232,3.5
1233,1233,3.3
1234,1234,4.7
1235,1235,3.9
1236,1236,3.5
1237,1237,4.6
1238,1238,3.8
1239,1239,4.5
1240,1240,4.0
1241,1241,4.6
1242,1242,4.0
1243,1243,3.9
1244,1244,4.4
1245,1245,5.0
1246,1246,4.2
1247,1247,4.5
1248,1248,4.1
1249,1249,3.4
1250,1250,4.9
1251,1251,4.9
1252,1252,3.4
1253,1253,3.2
1254,1254,4.7
1255,1255,4.2
1256,1256,4.9
1257,1257,3.6
1258,1258,4.7
1259,1259,4.8
1260,1260,4.0
1261,1261,4.1
1262,1262,4.1
1263,1263,4.4
1264,1264,3.5
1265,1265,4.0
1266,1266,4.3
1267,1267,4.0
1268,1268,4.2
1269,1269,3.8
1270,1270,4.2
1271,1271,5.0
1272,1272,4.2
1273,1273,4.6
1274,1274,4.9
1275,1275,3.7
1276,1276,3.3
1277,1277,3.8
1278,1278,4.5
1279,1279,4.3
1280,1280,3.2
1281,1281,4.3
1282,1282,3.9
1283,1283,3.5
1284,1284,3.3
1285,1285,4.8
1286,1286,4.7
1287,1287,4.0
1288,1288,3.8
1289,1289,3.8
1290,1290,3.9
1291,1291,4.6
1292,1292,3.9
1293,1293,4.7
1294,1294,4.4
1295,1295,4.0
1296,1296,4.8
1297,1297,4.3
1298,1298,3.3
1299,1299,3.9
1300,1300,4.6
1301,1301,4.7
1302,1302,4.8
1303,1303,4.1
1304,1304,4.4
1305,1305,4.9
1306,1306,3.7
1307,1307,4.4
1308,1308,3.9
1309,1309,4.7
1310,1310,4.0
1311,1311,4.8
1312,1312,4.7
1313,1313,4.8
1314,1314,5.0
1315,1315,4.7
1316,1316,2.8
1317,1317,4.5
1318,1318,2.9
1319,1319,4.4
1320,1320,4.3
1321,1321,4.6
1322,1322,4.5
1323,1323,4.0
1324,1324,4.5
1325,1325,4.3
1326,1326,3.8
1327,1327,4.5
1328,1328,4.3
1329,1329,4.3
1330,1330,3.2
1331,1331,3.3
1332,1332,4.0
1333,1333,4.3
1334,1334,4.6
1335,1335,4.3
1336,1336,4.9
1337,1337,4.0
1338,1338,4.6
1339,1339,4.1
1340,1340,4.7
1341,1341,4.8
1342,1342,4.4
1343,1343,4.4
1344,1344,5.0
1345,1345,4.8
1346,1346,4.8
1347,1347,3.0
1348,1348,4.3
1349,1349,3.0
1350,1350,4.9
1351,1351,4.6
1352,1352,3.1
1353,1353,3.8
1354,1354,4.5
1355,1355,4.2
1356,1356,3.9
1357,1357,3.7
1358,1358,4.6
1359,1359,3.9
1360,1360,3.9
1361,1361,4.3
1362,1362,4.5
1363,1363,4.4
1364,1364,4.1
1365,1365,4.5
1366,1366,3.5
1367,1367,4.6
1368,1368,1.9
1369,1369,3.8
1370,1370,4.2
1371,1371,4.7
1372,1372,3.4
1373,1373,3.1
1374,1374,4.1
1375,1375,4.8
1376,1376,4.4
1377,1377,3.2
1378,1378,4.6
1379,1379,4.8
1380,1380,4.5
1381,1381,4.1
1382,1382,3.9
1383,1383,3.9
1384,1384,3.6
1385,1385,4.7
1386,1386,4.2
1387,1387,4.3
1388,1388,4.1
1389,1389,4.5
1390,1390,4.1
1391,1391,4.2
1392,1392,4.3
1393,1393,3.3
1394,1394,4.4
1395,1395,3.4
1396,1396,4.9
1397,1397,4.8
1398,1398,3.3
1399,1399,4.5
1400,1400,3.2
1401,1401,4.7
1402,1402,4.6
1403,1403,4.0
1404,1404,5.0
1405,1405,3.1
1406,1406,4.2
1407,1407,3.2
1408,1408,3.1
1409,1409,3.3
1410,1410,4.1
1411,1411,5.0
1412,1412,4.9
1413,1413,4.5
1414,1414,4.0
1415,1415,3.3
1416,1416,4.4
1417,1417,3.3
1418,1418,5.0
1419,1419,4.7
1420,1420,3.8
1421,1421,4.5
1422,1422,4.9
1423,1423,4.9
1424,1424,3.4
1425,1425,4.4
1426,1426,4.7
1427,1427,4.2
1428,1428,3.1
1429,1429,3.5
1430,1430,3.9
1431,1431,4.0
1432,1432,4.8
1433,1433,5.0
1434,1434,4.3
1435,1435,3.7
1436,1436,4.3
1437,1437,4.3
1438,1438,3.7
1439,1439,5.0
1440,1440,4.0
1441,1441,3.3
1442,1442,4.9
1443,1443,4.0
1444,1444,4.6
1445,1445,4.4
1446,1446,3.8
1447,1447,4.6
1448,1448,2.8
1449,1449,5.0
1450,1450,3.5
1451,1451,3.4
1452,1452,5.0
1453,1453,2.6
1454,1454,3.8
1455,1455,2.5
1456,1456,2.4
1457,1457,2.5
1458,1458,4.4
1459,1459,3.5
1460,1460,2.8
1461,1461,3.5
1462,1462,3.6
1463,1463,3.2
1464,1464,4.7
1465,1465,4.6
1466,1466,5.0
1467,1467,3.2
1468,1468,4.2
1469,1469,2.7
1470,1470,4.8
1471,1471,4.8
1472,1472,2.7
1473,1473,4.8
1474,1474,5.0
1475,1475,3.8
1476,1476,3.7
1477,1477,3.8
1478,1478,3.7
1479,1479,3.4
1480,1480,5.0
1481,1481,4.4
1482,1482,5.0
1483,1483,4.4
1484,1484,4.1
1485,1485,5.0
1486,1486,4.6
1487,1487,3.8
1488,1488,2.8
1489,1489,5.0
1490,1490,3.6
1491,1491,4.1
1492,1492,4.3
1493,1493,4.2
1494,1494,4.6
1495,1495,2.7
1496,1496,4.1
1497,1497,5.0
1498,1498,1.9
1499,1499,4.5
1500,1500,3.6
1501,1501,4.3
1502,1502,2.6
1503,1503,3.6
1504,1504,3.8
1505,1505,3.2
1506,1506,5.0
1507,1507,5.0
1508,1508,5.0
1509,1509,3.3
1510,1510,5.0
1511,1511,5.0
1512,1512,4.1
1513,1513,3.7
1514,1514,5.0
1515,1515,3.3
1516,1516,5.0
1517,1517,5.0
1518,1518,3.7
1519,1519,5.0
1520,1520,3.8
1521,1521,3.5
1522,1522,4.4
1523,1523,4.3
1524,1524,5.0
1525,1525,4.6
1526,1526,4.0
1527,1527,3.7
1528,1528,3.8
1529,1529,4.6
1530,1530,4.3
1531,1531,3.4
1532,1532,4.5
1533,1533,4.2
1534,1534,4.4
1535,1535,1.4
1536,1536,5.0
1537,1537,2.0
1538,1538,4.3
1539,1539,5.0
1540,1540,4.7
1541,1541,4.3
1542,1542,3.5
1543,1543,5.0
1544,1544,4.7
1545,1545,5.0
1546,1546,3.9
1547,1547,3.0
1548,1548,3.2
1549,1549,3.7
1550,1550,5.0
1551,1551,3.2
1552,1552,4.1
1553,1553,5.0
1554,1554,5.0
1555,1555,5.0
1556,1556,2.0
1557,1557,5.0
1558,1558,5.0
1559,1559,5.0
1560,1560,4.5
1561,1561,2.0
1562,1562,4.0
1563,1563,3.0
1564,1564,5.0
1565,1565,4.0
1566,1566,3.0
1567,1567,4.0
1568,1568,4.0
1569,1569,3.0
1570,1570,5.0
1571,1571,5.0
1572,1572,2.0
1573,1573,1.0
1574,1574,1.5
1575,1575,4.0
1576,1576,4.0
1577,1577,3.5
1578,1578,4.5
1579,1579,3.5
1580,1580,3.0
1581,1581,5.0
1582,1582,5.0
1583,1583,5.0
1584,1584,5.0
1585,1585,5.0
1586,1586,5.0
1587,1587,3.0
1588,1588,3.0
1589,1589,3.0
1590,1590,5.0
1591,1591,3.0
1592,1592,5.0
1593,1593,5.0
1594,1594,5.0
1595,1595,5.0
1596,1596,3.0
1597,1597,4.5
1598,1598,4.0
1599,1599,5.0
1600,1600,5.0
1601,1601,4.0
1602,1602,4.5
1603,1603,3.5
1604,1604,4.5
1605,1605,5.0
1606,1606,5.0
1607,1607,4.5
1608,1608,0.0
1609,1609,0.0
1610,1610,0.0
1611,1611,0.0
1612,1612,0.0
1613,1613,0.0
1614,1614,0.0
1615,1615,0.0
1616,1616,0.0
1617,1617,0.0
1618,1618,0.0
1619,1619,0.0
1620,1620,0.0
1621,1621,0.0
1622,1622,0.0
1623,1623,0.0
1624,1624,0.0
1625,1625,0.0
1626,1626,0.0
1627,1627,0.0
1628,1628,0.0
1629,1629,0.0
1630,1630,0.0
1631,1631,0.0
1632,1632,0.0
1633,1633,0.0
1634,1634,0.0
1635,1635,0.0
1636,1636,0.0
1637,1637,0.0
1638,1638,0.0
1639,1639,0.0
1640,1640,0.0
1641,1641,0.0
1642,1642,0.0
1643,1643,0.0
1644,1644,0.0
1645,1645,0.0
1646,1646,0.0
1647,1647,0.0
1648,1648,0.0
1649,1649,0.0
1650,1650,0.0
1651,1651,0.0
1652,1652,0.0
1653,1653,0.0
1654,1654,0.0
1655,1655,0.0
1656,1656,0.0
1657,1657,0.0
1658,1658,0.0
1659,1659,0.0
1660,1660,0.0
1661,1661,0.0
1662,1662,0.0
1663,1663,0.0
1664,1664,0.0
1665,1665,0.0
1666,1666,0.0
1667,1667,0.0
1668,1668,0.0
1669,1669,0.0
1670,1670,0.0
1671,1671,0.0
1672,1672,0.0
1673,1673,0.0
1674,1674,0.0
1675,1675,0.0
1676,1676,0.0
1677,1677,0.0
1678,1678,0.0
1679,1679,0.0
1680,1680,0.0
1681,1681,0.0
1682,1682,0.0
1683,1683,0.0
1684,1684,0.0
1685,1685,0.0
1686,1686,0.0
1687,1687,0.0
1688,1688,0.0
1689,1689,0.0
1690,1690,0.0
1691,1691,0.0
1692,1692,0.0
1693,1693,0.0
1694,1694,0.0
1695,1695,0.0
1696,1696,0.0
1697,1697,0.0
1698,1698,0.0
1699,1699,0.0
1700,1700,0.0
1701,1701,0.0
1702,1702,0.0
1703,1703,0.0
1704,1704,0.0
1705,1705,0.0
1706,1706,0.0
1707,1707,0.0
1708,1708,0.0
1709,1709,0.0
1710,1710,0.0
1711,1711,0.0
1712,1712,0.0
1713,1713,0.0
1714,1714,0.0
1715,1715,0.0
1716,1716,0.0
1717,1717,0.0
1718,1718,0.0
1719,1719,0.0
1720,1720,0.0
1721,1721,0.0
1722,1722,0.0
1723,1723,0.0
1724,1724,0.0
1725,1725,0.0
1726,1726,0.0
1727,1727,0.0
1728,1728,0.0
1729,1729,0.0
1730,1730,0.0
1731,1731,0.0
1732,1732,0.0
1733,1733,0.0
1734,1734,0.0
1735,1735,0.0
1736,1736,0.0
1737,1737,0.0
1738,1738,0.0
1739,1739,0.0
1740,1740,0.0
1741,1741,0.0
1742,1742,0.0
1743,1743,0.0
1744,1744,4.5
1745,1745,4.4
1746,1746,4.6
1747,1747,4.4
1748,1748,4.3
1749,1749,4.5
1750,1750,4.5
1751,1751,4.5
1752,1752,4.5
1753,1753,4.0
1754,1754,4.6
1755,1755,4.4
1756,1756,4.0
1757,1757,4.8
1758,1758,4.4
1759,1759,4.5
1760,1760,4.2
1761,1761,4.0
1762,1762,4.4
1763,1763,4.3
1764,1764,4.2
1765,1765,3.7
1766,1766,4.6
1767,1767,4.2
1768,1768,3.7
1769,1769,4.1
1770,1770,3.7
1771,1771,4.5
1772,1772,4.5
1773,1773,4.8
1774,1774,4.6
1775,1775,4.5
1776,1776,3.9
1777,1777,4.5
1778,1778,4.3
1779,1779,3.8
1780,1780,4.1
1781,1781,4.6
1782,1782,4.7
1783,1783,4.6
1784,1784,4.2
1785,1785,4.4
1786,1786,4.2
1787,1787,4.5
1788,1788,3.7
1789,1789,4.3
1790,1790,4.5
1791,1791,4.4
1792,1792,4.2
1793,1793,4.2
1794,1794,4.5
1795,1795,3.9
1796,1796,3.6
1797,1797,4.9
1798,1798,4.0
1799,1799,4.5
1800,1800,4.4
1801,1801,4.4
1802,1802,3.7
1803,1803,4.4
1804,1804,4.5
1805,1805,4.0
1806,1806,3.6
1807,1807,4.3
1808,1808,4.4
1809,1809,4.1
1810,1810,4.2
1811,1811,4.3
1812,1812,4.3
1813,1813,4.3
1814,1814,4.0
1815,1815,4.7
1816,1816,4.5
1817,1817,4.5
1818,1818,4.7
1819,1819,3.9
1820,1820,4.9
1821,1821,4.5
1822,1822,3.9
1823,1823,4.2
1824,1824,4.4
1825,1825,4.5
1826,1826,3.6
1827,1827,4.0
1828,1828,4.7
1829,1829,4.4
1830,1830,4.4
1831,1831,4.2
1832,1832,4.4
1833,1833,4.5
1834,1834,4.2
1835,1835,4.4
1836,1836,3.8
1837,1837,4.0
1838,1838,4.3
1839,1839,4.5
1840,1840,4.3
1841,1841,4.3
1842,1842,4.2
1843,1843,4.4
1844,1844,4.4
1845,1845,4.5
1846,1846,4.4
1847,1847,4.6
1848,1848,4.4
1849,1849,4.4
1850,1850,4.2
1851,1851,4.0
1852,1852,4.1
1853,1853,4.1
1854,1854,4.6
1855,1855,4.0
1856,1856,4.5
1857,1857,4.6
1858,1858,4.4
1859,1859,3.7
1860,1860,3.6
1861,1861,4.8
1862,1862,4.7
1863,1863,4.0
1864,1864,4.5
1865,1865,3.4
1866,1866,5.0
1867,1867,1.0
1868,1868,4.0
1869,1869,4.3
1870,1870,4.8
1871,1871,3.8
1872,1872,4.2
1873,1873,5.0
1874,1874,5.0
1875,1875,5.0
1876,1876,4.0
1877,1877,0.0
1878,1878,0.0
1879,1879,0.0
1880,1880,0.0
1881,1881,4.6
1882,1882,4.4
1883,1883,4.7
1884,1884,4.4
1885,1885,4.0
1886,1886,4.7
1887,1887,3.9
1888,1888,4.6
1889,1889,4.8
1890,1890,4.4
1891,1891,4.6
1892,1892,4.5
1893,1893,4.3
1894,1894,4.7
1895,1895,4.4
1896,1896,4.8
1897,1897,4.3
1898,1898,4.5
1899,1899,4.5
1900,1900,4.3
1901,1901,4.7
1902,1902,4.6
1903,1903,4.6
1904,1904,4.4
1905,1905,3.9
1906,1906,4.5
1907,1907,4.4
1908,1908,4.7
1909,1909,4.3
1910,1910,4.6
1911,1911,4.1
1912,1912,4.5
1913,1913,4.2
1914,1914,4.2
1915,1915,4.8
1916,1916,4.5
1917,1917,4.6
1918,1918,4.6
1919,1919,4.1
1920,1920,4.4
1921,1921,3.9
1922,1922,4.4
1923,1923,4.5
1924,1924,4.5
1925,1925,4.3
1926,1926,4.0
1927,1927,3.5
1928,1928,4.4
1929,1929,4.7
1930,1930,4.4
1931,1931,4.8
1932,1932,4.7
1933,1933,4.6
1934,1934,4.3
1935,1935,4.6
1936,1936,3.5
1937,1937,4.7
1938,1938,4.3
1939,1939,4.8
1940,1940,4.4
1941,1941,4.1
1942,1942,3.1
1943,1943,3.5
1944,1944,4.5
1945,1945,4.3
1946,1946,4.6
1947,1947,4.5
1948,1948,4.3
1949,1949,4.8
1950,1950,4.1
1951,1951,4.8
1952,1952,4.6
1953,1953,4.0
1954,1954,4.4
1955,1955,4.3
1956,1956,4.9
1957,1957,4.4
1958,1958,4.7
1959,1959,4.3
1960,1960,4.1
1961,1961,4.6
1962,1962,4.1
1963,1963,3.9
1964,1964,4.4
1965,1965,4.5
1966,1966,4.6
1967,1967,4.6
1968,1968,4.3
1969,1969,4.6
1970,1970,4.4
1971,1971,4.3
1972,1972,3.9
1973,1973,3.7
1974,1974,3.1
1975,1975,4.3
1976,1976,4.8
1977,1977,4.4
1978,1978,4.8
1979,1979,4.5
1980,1980,4.1
1981,1981,4.7
1982,1982,4.9
1983,1983,4.8
1984,1984,4.7
1985,1985,4.9
1986,1986,4.8
1987,1987,4.6
1988,1988,3.2
1989,1989,4.5
1990,1990,4.8
1991,1991,4.8
1992,1992,4.7
1993,1993,4.5
1994,1994,3.9
1995,1995,4.7
1996,1996,4.5
1997,1997,4.6
1998,1998,4.6
1999,1999,4.3
2000,2000,4.9
2001,2001,4.4
2002,2002,4.2
2003,2003,4.5
2004,2004,4.6
2005,2005,4.8
2006,2006,3.8
2007,2007,4.4
2008,2008,4.5
2009,2009,4.2
2010,2010,4.7
2011,2011,4.5
2012,2012,4.2
2013,2013,4.5
2014,2014,4.4
2015,2015,3.7
2016,2016,3.6
2017,2017,4.1
2018,2018,4.6
2019,2019,4.9
2020,2020,4.5
2021,2021,4.6
2022,2022,4.3
2023,2023,4.8
2024,2024,4.6
2025,2025,4.9
2026,2026,4.6
2027,2027,4.5
2028,2028,4.7
2029,2029,4.8
2030,2030,4.4
2031,2031,4.1
2032,2032,4.4
2033,2033,4.4
2034,2034,4.1
2035,2035,4.1
2036,2036,4.5
2037,2037,4.3
2038,2038,4.7
2039,2039,4.3
2040,2040,4.2
2041,2041,4.4
2042,2042,4.6
2043,2043,4.3
2044,2044,4.7
2045,2045,3.8
2046,2046,4.6
2047,2047,4.2
2048,2048,4.8
2049,2049,4.8
2050,2050,4.8
2051,2051,4.0
2052,2052,4.5
2053,2053,4.2
2054,2054,4.2
2055,2055,5.0
2056,2056,4.8
2057,2057,4.2
2058,2058,4.4
2059,2059,4.8
2060,2060,4.5
2061,2061,4.8
2062,2062,3.9
2063,2063,4.2
2064,2064,4.8
2065,2065,4.7
2066,2066,4.2
2067,2067,4.6
2068,2068,4.8
2069,2069,3.8
2070,2070,4.1
2071,2071,4.8
2072,2072,4.0
2073,2073,4.8
2074,2074,4.2
2075,2075,4.3
2076,2076,3.9
2077,2077,3.7
2078,2078,4.6
2079,2079,4.4
2080,2080,4.7
2081,2081,4.7
2082,2082,4.5
2083,2083,4.7
2084,2084,4.7
2085,2085,4.6
2086,2086,4.6
2087,2087,4.1
2088,2088,4.6
2089,2089,4.4
2090,2090,3.9
2091,2091,4.4
2092,2092,4.3
2093,2093,4.6
2094,2094,4.3
2095,2095,4.1
2096,2096,4.8
2097,2097,3.5
2098,2098,4.2
2099,2099,4.3
2100,2100,3.4
2101,2101,4.6
2102,2102,4.4
2103,2103,4.6
2104,2104,4.7
2105,2105,3.9
2106,2106,2.9
2107,2107,4.5
2108,2108,3.8
2109,2109,4.9
2110,2110,4.7
2111,2111,4.9
2112,2112,4.7
2113,2113,3.5
2114,2114,4.4
2115,2115,4.9
2116,2116,4.7
2117,2117,4.3
2118,2118,4.8
2119,2119,4.6
2120,2120,4.8
2121,2121,4.8
2122,2122,4.4
2123,2123,4.4
2124,2124,5.0
2125,2125,4.3
2126,2126,4.7
2127,2127,4.6
2128,2128,4.7
2129,2129,4.7
2130,2130,4.7
2131,2131,4.6
2132,2132,4.8
2133,2133,4.9
2134,2134,4.8
2135,2135,4.7
2136,2136,3.7
2137,2137,4.9
2138,2138,4.2
2139,2139,3.6
2140,2140,4.5
2141,2141,4.1
2142,2142,4.5
2143,2143,4.8
2144,2144,4.9
2145,2145,4.3
2146,2146,4.6
2147,2147,4.0
2148,2148,4.6
2149,2149,4.7
2150,2150,4.4
2151,2151,3.8
2152,2152,4.2
2153,2153,4.1
2154,2154,4.6
2155,2155,3.6
2156,2156,4.9
2157,2157,4.8
2158,2158,4.8
2159,2159,4.7
2160,2160,4.7
2161,2161,4.7
2162,2162,4.7
2163,2163,4.6
2164,2164,4.7
2165,2165,4.6
2166,2166,3.9
2167,2167,4.0
2168,2168,4.3
2169,2169,4.0
2170,2170,4.9
2171,2171,4.0
2172,2172,4.2
2173,2173,3.7
2174,2174,4.7
2175,2175,4.8
2176,2176,4.5
2177,2177,4.5
2178,2178,4.9
2179,2179,4.6
2180,2180,4.3
2181,2181,3.5
2182,2182,4.6
2183,2183,4.2
2184,2184,4.8
2185,2185,4.4
2186,2186,4.4
2187,2187,3.5
2188,2188,4.2
2189,2189,4.5
2190,2190,4.2
2191,2191,4.5
2192,2192,4.8
2193,2193,4.5
2194,2194,4.1
2195,2195,4.4
2196,2196,4.6
2197,2197,4.5
2198,2198,4.3
2199,2199,4.4
2200,2200,4.7
2201,2201,4.3
2202,2202,4.2
2203,2203,4.4
2204,2204,4.7
2205,2205,4.3
2206,2206,4.5
2207,2207,4.4
2208,2208,4.6
2209,2209,3.9
2210,2210,3.0
2211,2211,4.7
2212,2212,4.3
2213,2213,4.7
2214,2214,3.6
2215,2215,4.4
2216,2216,4.2
2217,2217,4.8
2218,2218,4.6
2219,2219,4.5
2220,2220,4.7
2221,2221,4.4
2222,2222,4.5
2223,2223,4.2
2224,2224,4.6
2225,2225,3.9
2226,2226,4.7
2227,2227,3.8
2228,2228,4.6
2229,2229,4.1
2230,2230,4.9
2231,2231,4.5
2232,2232,4.0
2233,2233,4.1
2234,2234,3.5
2235,2235,4.9
2236,2236,4.9
2237,2237,4.5
2238,2238,5.0
2239,2239,4.3
2240,2240,4.8
2241,2241,4.7
2242,2242,4.6
2243,2243,4.9
2244,2244,4.7
2245,2245,4.5
2246,2246,4.6
2247,2247,4.7
2248,2248,4.6
2249,2249,4.8
2250,2250,4.8
2251,2251,4.2
2252,2252,3.6
2253,2253,4.5
2254,2254,4.9
2255,2255,4.4
2256,2256,5.0
2257,2257,4.0
2258,2258,4.7
2259,2259,4.5
2260,2260,4.2
2261,2261,4.5
2262,2262,4.6
2263,2263,4.5
2264,2264,4.7
2265,2265,4.5
2266,2266,4.8
2267,2267,4.9
2268,2268,4.9
2269,2269,4.0
2270,2270,3.8
2271,2271,4.6
2272,2272,4.5
2273,2273,5.0
2274,2274,4.5
2275,2275,4.1
2276,2276,4.3
2277,2277,4.0
2278,2278,4.7
2279,2279,4.6
2280,2280,4.5
2281,2281,4.0
2282,2282,4.7
2283,2283,4.3
2284,2284,4.0
2285,2285,3.8
2286,2286,4.3
2287,2287,4.5
2288,2288,4.7
2289,2289,4.3
2290,2290,4.1
2291,2291,4.5
2292,2292,4.4
2293,2293,3.8
2294,2294,4.3
2295,2295,4.6
2296,2296,3.8
2297,2297,4.4
2298,2298,3.7
2299,2299,4.4
2300,2300,4.2
2301,2301,3.9
2302,2302,4.5
2303,2303,4.3
2304,2304,4.5
2305,2305,4.8
2306,2306,4.8
2307,2307,4.6
2308,2308,3.9
2309,2309,4.5
2310,2310,4.3
2311,2311,4.8
2312,2312,3.3
2313,2313,3.8
2314,2314,4.2
2315,2315,4.5
2316,2316,4.9
2317,2317,4.8
2318,2318,4.5
2319,2319,4.1
2320,2320,4.7
2321,2321,4.8
2322,2322,4.6
2323,2323,4.7
2324,2324,4.8
2325,2325,4.4
2326,2326,4.7
2327,2327,4.7
2328,2328,4.5
2329,2329,4.6
2330,2330,4.4
2331,2331,4.4
2332,2332,4.6
2333,2333,4.5
2334,2334,4.8
2335,2335,4.3
2336,2336,4.8
2337,2337,4.6
2338,2338,4.5
2339,2339,4.3
2340,2340,4.1
2341,2341,4.4
2342,2342,4.6
2343,2343,3.4
2344,2344,4.8
2345,2345,4.7
2346,2346,4.7
2347,2347,4.3
2348,2348,3.8
2349,2349,4.8
2350,2350,4.6
2351,2351,3.6
2352,2352,4.6
2353,2353,4.6
2354,2354,4.1
2355,2355,4.5
2356,2356,4.7
2357,2357,3.3
2358,2358,4.1
2359,2359,4.2
2360,2360,4.6
2361,2361,4.6
2362,2362,4.0
2363,2363,4.0
2364,2364,4.8
2365,2365,4.3
2366,2366,4.8
2367,2367,3.6
2368,2368,4.4
2369,2369,4.7
2370,2370,4.5
2371,2371,4.7
2372,2372,3.0
2373,2373,3.9
2374,2374,3.0
2375,2375,4.9
2376,2376,4.9
2377,2377,4.7
2378,2378,4.3
2379,2379,3.9
2380,2380,3.9
2381,2381,4.4
2382,2382,4.2
2383,2383,4.2
2384,2384,4.7
2385,2385,4.7
2386,2386,4.0
2387,2387,4.1
2388,2388,4.6
2389,2389,4.3
2390,2390,4.8
2391,2391,4.3
2392,2392,4.9
2393,2393,4.0
2394,2394,4.8
2395,2395,4.5
2396,2396,4.7
2397,2397,4.8
2398,2398,4.7
2399,2399,4.3
2400,2400,4.8
2401,2401,4.1
2402,2402,4.7
2403,2403,4.8
2404,2404,4.9
2405,2405,4.0
2406,2406,4.8
2407,2407,3.2
2408,2408,4.7
2409,2409,4.4
2410,2410,4.7
2411,2411,4.0
2412,2412,4.3
2413,2413,3.7
2414,2414,4.4
2415,2415,4.6
2416,2416,4.9
2417,2417,3.9
2418,2418,4.1
2419,2419,4.7
2420,2420,4.5
2421,2421,4.9
2422,2422,4.6
2423,2423,3.2
2424,2424,3.7
2425,2425,3.8
2426,2426,4.1
2427,2427,3.9
2428,2428,4.5
2429,2429,4.1
2430,2430,4.9
2431,2431,4.4
2432,2432,3.8
2433,2433,4.8
2434,2434,4.8
2435,2435,4.8
2436,2436,3.6
2437,2437,4.0
2438,2438,3.7
2439,2439,4.6
2440,2440,3.8
2441,2441,3.2
2442,2442,4.3
2443,2443,3.8
2444,2444,3.9
2445,2445,4.0
2446,2446,4.0
2447,2447,4.4
2448,2448,3.9
2449,2449,4.8
2450,2450,4.4
2451,2451,5.0
2452,2452,4.8
2453,2453,3.8
2454,2454,4.4
2455,2455,4.8
2456,2456,4.9
2457,2457,4.9
2458,2458,3.9
2459,2459,4.8
2460,2460,4.9
2461,2461,4.3
2462,2462,4.7
2463,2463,4.5
2464,2464,4.1
2465,2465,3.9
2466,2466,5.0
2467,2467,4.4
2468,2468,4.4
2469,2469,4.8
2470,2470,4.7
2471,2471,4.7
2472,2472,4.9
2473,2473,4.8
2474,2474,3.9
2475,2475,4.0
2476,2476,4.6
2477,2477,3.4
2478,2478,4.5
2479,2479,4.2
2480,2480,4.9
2481,2481,3.9
2482,2482,4.7
2483,2483,4.5
2484,2484,4.3
2485,2485,4.6
2486,2486,4.1
2487,2487,4.7
2488,2488,4.9
2489,2489,4.3
2490,2490,4.6
2491,2491,4.9
2492,2492,3.9
2493,2493,4.4
2494,2494,3.7
2495,2495,5.0
2496,2496,4.3
2497,2497,4.2
2498,2498,4.2
2499,2499,4.7
2500,2500,4.9
2501,2501,4.6
2502,2502,3.6
2503,2503,4.0
2504,2504,4.3
2505,2505,3.9
2506,2506,4.6
2507,2507,5.0
2508,2508,4.9
2509,2509,4.7
2510,2510,4.0
2511,2511,3.8
2512,2512,4.6
2513,2513,3.8
2514,2514,4.9
2515,2515,3.7
2516,2516,5.0
2517,2517,4.9
2518,2518,4.8
2519,2519,4.5
2520,2520,5.0
2521,2521,4.1
2522,2522,4.7
2523,2523,3.8
2524,2524,5.0
2525,2525,3.9
2526,2526,4.3
2527,2527,4.6
2528,2528,5.0
2529,2529,4.8
2530,2530,4.3
2531,2531,4.6
2532,2532,3.8
2533,2533,4.0
2534,2534,4.2
2535,2535,4.7
2536,2536,2.5
2537,2537,4.6
2538,2538,4.8
2539,2539,4.9
2540,2540,4.4
2541,2541,3.4
2542,2542,4.6
2543,2543,4.0
2544,2544,4.3
2545,2545,5.0
2546,2546,5.0
2547,2547,4.8
2548,2548,5.0
2549,2549,4.7
2550,2550,4.8
2551,2551,3.1
2552,2552,4.2
2553,2553,4.5
2554,2554,4.6
2555,2555,3.4
2556,2556,4.3
2557,2557,3.8
2558,2558,3.7
2559,2559,4.7
2560,2560,4.3
2561,2561,4.8
2562,2562,4.5
2563,2563,4.5
2564,2564,4.2
2565,2565,4.9
2566,2566,4.1
2567,2567,4.1
2568,2568,3.6
2569,2569,5.0
2570,2570,4.2
2571,2571,4.3
2572,2572,5.0
2573,2573,5.0
2574,2574,3.7
2575,2575,5.0
2576,2576,3.6
2577,2577,4.8
2578,2578,4.5
2579,2579,4.8
2580,2580,3.6
2581,2581,5.0
2582,2582,4.5
2583,2583,4.3
2584,2584,3.5
2585,2585,2.9
2586,2586,4.9
2587,2587,4.0
2588,2588,4.5
2589,2589,4.4
2590,2590,5.0
2591,2591,4.4
2592,2592,4.1
2593,2593,4.6
2594,2594,4.6
2595,2595,4.7
2596,2596,5.0
2597,2597,5.0
2598,2598,5.0
2599,2599,5.0
2600,2600,2.4
2601,2601,2.8
2602,2602,3.0
2603,2603,5.0
2604,2604,3.4
2605,2605,4.3
2606,2606,4.3
2607,2607,2.9
2608,2608,2.5
2609,2609,3.7
2610,2610,3.8
2611,2611,4.5
2612,2612,5.0
2613,2613,5.0
2614,2614,5.0
2615,2615,2.2
2616,2616,2.2
2617,2617,5.0
2618,2618,3.7
2619,2619,3.5
2620,2620,4.0
2621,2621,3.7
2622,2622,4.0
2623,2623,5.0
2624,2624,4.5
2625,2625,4.8
2626,2626,4.6
2627,2627,4.9
2628,2628,5.0
2629,2629,5.0
2630,2630,4.7
2631,2631,5.0
2632,2632,3.0
2633,2633,4.5
2634,2634,5.0
2635,2635,5.0
2636,2636,4.0
2637,2637,2.0
2638,2638,5.0
2639,2639,3.5
2640,2640,5.0
2641,2641,5.0
2642,2642,4.0
2643,2643,3.0
2644,2644,5.0
2645,2645,3.0
2646,2646,5.0
2647,2647,5.0
2648,2648,5.0
2649,2649,4.0
2650,2650,5.0
2651,2651,4.0
2652,2652,5.0
2653,2653,5.0
2654,2654,5.0
2655,2655,4.5
2656,2656,5.0
2657,2657,3.0
2658,2658,3.5
2659,2659,5.0
2660,2660,5.0
2661,2661,5.0
2662,2662,5.0
2663,2663,3.0
2664,2664,1.0
2665,2665,5.0
2666,2666,4.5
2667,2667,4.0
2668,2668,5.0
2669,2669,0.0
2670,2670,0.0
2671,2671,0.0
2672,2672,0.0
2673,2673,0.0
2674,2674,0.0
2675,2675,0.0
2676,2676,0.0
2677,2677,0.0
2678,2678,0.0
2679,2679,0.0
2680,2680,0.0
2681,2681,0.0
2682,2682,0.0
2683,2683,0.0
2684,2684,0.0
2685,2685,0.0
2686,2686,0.0
2687,2687,0.0
2688,2688,0.0
2689,2689,0.0
2690,2690,0.0
2691,2691,0.0
2692,2692,0.0
2693,2693,0.0
2694,2694,0.0
2695,2695,0.0
2696,2696,0.0
2697,2697,0.0
2698,2698,0.0
2699,2699,0.0
2700,2700,0.0
2701,2701,0.0
2702,2702,0.0
2703,2703,0.0
2704,2704,0.0
2705,2705,0.0
2706,2706,0.0
2707,2707,0.0
2708,2708,0.0
2709,2709,0.0
2710,2710,0.0
2711,2711,0.0
2712,2712,0.0
2713,2713,0.0
2714,2714,0.0
2715,2715,0.0
2716,2716,0.0
2717,2717,0.0
2718,2718,0.0
2719,2719,0.0
2720,2720,0.0
2721,2721,0.0
2722,2722,0.0
2723,2723,0.0
2724,2724,0.0
2725,2725,0.0
2726,2726,0.0
2727,2727,4.6
2728,2728,4.5
2729,2729,4.7
2730,2730,4.8
2731,2731,4.6
2732,2732,4.4
2733,2733,4.7
2734,2734,4.3
2735,2735,4.3
2736,2736,4.6
2737,2737,4.6
2738,2738,4.8
2739,2739,4.6
2740,2740,4.7
2741,2741,3.9
2742,2742,4.7
2743,2743,4.7
2744,2744,4.9
2745,2745,4.3
2746,2746,4.4
2747,2747,3.9
2748,2748,4.1
2749,2749,3.8
2750,2750,4.4
2751,2751,4.0
2752,2752,4.8
2753,2753,4.4
2754,2754,4.4
2755,2755,4.2
2756,2756,3.6
2757,2757,4.7
2758,2758,4.3
2759,2759,4.3
2760,2760,4.6
2761,2761,4.4
2762,2762,4.7
2763,2763,4.1
2764,2764,4.4
2765,2765,4.0
2766,2766,4.5
2767,2767,4.8
2768,2768,4.4
2769,2769,4.6
2770,2770,3.8
2771,2771,4.4
2772,2772,4.5
2773,2773,4.4
2774,2774,4.4
2775,2775,4.3
2776,2776,3.8
2777,2777,3.9
2778,2778,5.0
2779,2779,4.4
2780,2780,4.2
2781,2781,5.0
2782,2782,5.0
2783,2783,5.0
2784,2784,5.0
2785,2785,0.0
2786,2786,5.0
2787,2787,5.0
2788,2788,5.0
2789,2789,5.0
2790,2790,0.0
